{"cameraMode":{"drawMode":0,"name":"Shaded","section":"Shading Mode"},"sceneLighting":true,"audioPlay":false,"sceneViewState":{"showFog":true,"showMaterialUpdate":false,"showSkybox":true,"showFlares":true,"showImageEffects":true,"showParticleSystems":true},"in2DMode":false,"pivot":{"x":56.228355407714847,"y":-34.9947509765625,"z":-12.52073860168457},"rotation":{"x":-0.16996419429779054,"y":-0.7503055930137634,"z":0.2115466594696045,"w":-0.6028280854225159},"size":74.74246978759766,"orthographic":false}