{"cameraMode":{"drawMode":0,"name":"Shaded","section":"Shading Mode"},"sceneLighting":true,"audioPlay":false,"sceneViewState":{"showFog":true,"showMaterialUpdate":false,"showSkybox":true,"showFlares":true,"showImageEffects":true,"showParticleSystems":true},"in2DMode":false,"pivot":{"x":4.542788505554199,"y":0.6791998147964478,"z":-3.7148220539093019},"rotation":{"x":-0.011907972395420075,"y":0.9659969210624695,"z":-0.254286527633667,"w":-0.04523723945021629},"size":4.686873435974121,"orthographic":false}